URL,Year,Team,Web_Finish,List_Finish
https://collegechampionships.usaultimate.org/d1-men/history/1984-d-i-men/,1984,Stanford,1,1
https://collegechampionships.usaultimate.org/d1-men/history/1984-d-i-men/,1984,Glassboro,2,2
https://collegechampionships.usaultimate.org/d1-men/history/1984-d-i-men/,1984,Massachusetts,3T,3
https://collegechampionships.usaultimate.org/d1-men/history/1984-d-i-men/,1984,Pennsylvania,3T,4
https://collegechampionships.usaultimate.org/d1-men/history/1984-d-i-men/,1984,Chabot Community College,?,5
https://collegechampionships.usaultimate.org/d1-men/history/1984-d-i-men/,1984,Kansas,?,6
https://collegechampionships.usaultimate.org/d1-men/history/1984-d-i-men/,1984,Ohio,?,7
https://collegechampionships.usaultimate.org/d1-men/history/1984-d-i-men/,1984,Syracuse,?,8
https://collegechampionships.usaultimate.org/d1-men/history/1984-d-i-men/,1984,Texas,?,9
https://collegechampionships.usaultimate.org/d1-men/history/1984-d-i-men/,1984,Tufts,?,10
https://collegechampionships.usaultimate.org/d1-men/history/1985-d-i-men/,1985,Pennsylvania,1,1
https://collegechampionships.usaultimate.org/d1-men/history/1985-d-i-men/,1985,Massachusetts,2,2
https://collegechampionships.usaultimate.org/d1-men/history/1985-d-i-men/,1985,Cornell,3T,3
https://collegechampionships.usaultimate.org/d1-men/history/1985-d-i-men/,1985,SW Missouri State,3T,4
https://collegechampionships.usaultimate.org/d1-men/history/1985-d-i-men/,1985,Stanford,5T,5
https://collegechampionships.usaultimate.org/d1-men/history/1985-d-i-men/,1985,Texas,5T,6
https://collegechampionships.usaultimate.org/d1-men/history/1985-d-i-men/,1985,Cal Poly SLO,7T,7
https://collegechampionships.usaultimate.org/d1-men/history/1985-d-i-men/,1985,Kansas,7T,8
https://collegechampionships.usaultimate.org/d1-men/history/1985-d-i-men/,1985,MIT,9T,9
https://collegechampionships.usaultimate.org/d1-men/history/1985-d-i-men/,1985,Oregon,9T,10
https://collegechampionships.usaultimate.org/d1-men/history/1985-d-i-men/,1985,Central Florida,11T,11
https://collegechampionships.usaultimate.org/d1-men/history/1985-d-i-men/,1985,Princeton,11T,12
https://collegechampionships.usaultimate.org/d1-men/history/1986-d-i-men/,1986,Massachusetts,1,1
https://collegechampionships.usaultimate.org/d1-men/history/1986-d-i-men/,1986,Stanford,2,2
https://collegechampionships.usaultimate.org/d1-men/history/1986-d-i-men/,1986,California-Santa Barbara,3T,3
https://collegechampionships.usaultimate.org/d1-men/history/1986-d-i-men/,1986,Cornell,3T,4
https://collegechampionships.usaultimate.org/d1-men/history/1986-d-i-men/,1986,Oregon,5T,5
https://collegechampionships.usaultimate.org/d1-men/history/1986-d-i-men/,1986,SW Missouri State,5T,6
https://collegechampionships.usaultimate.org/d1-men/history/1986-d-i-men/,1986,Kansas,7T,7
https://collegechampionships.usaultimate.org/d1-men/history/1986-d-i-men/,1986,MIT,7T,8
https://collegechampionships.usaultimate.org/d1-men/history/1986-d-i-men/,1986,Carnegie Mellon,9T,9
https://collegechampionships.usaultimate.org/d1-men/history/1986-d-i-men/,1986,Princeton,9T,10
https://collegechampionships.usaultimate.org/d1-men/history/1986-d-i-men/,1986,Georgia,11T,11
https://collegechampionships.usaultimate.org/d1-men/history/1986-d-i-men/,1986,Texas,11T,12
https://collegechampionships.usaultimate.org/d1-men/history/1987-d-i-men/,1987,Chabot Community College,1,1
https://collegechampionships.usaultimate.org/d1-men/history/1987-d-i-men/,1987,California-Santa Barbara,2,2
https://collegechampionships.usaultimate.org/d1-men/history/1987-d-i-men/,1987,Cal Poly SLO,3T,3
https://collegechampionships.usaultimate.org/d1-men/history/1987-d-i-men/,1987,Cornell,3T,4
https://collegechampionships.usaultimate.org/d1-men/history/1987-d-i-men/,1987,SW Missouri State,5T,5
https://collegechampionships.usaultimate.org/d1-men/history/1987-d-i-men/,1987,Texas,5T,6
https://collegechampionships.usaultimate.org/d1-men/history/1987-d-i-men/,1987,Georgia Tech,7T,7
https://collegechampionships.usaultimate.org/d1-men/history/1987-d-i-men/,1987,SUNY-Purchase,7T,8
https://collegechampionships.usaultimate.org/d1-men/history/1987-d-i-men/,1987,Carnegie Mellon,9T,9
https://collegechampionships.usaultimate.org/d1-men/history/1987-d-i-men/,1987,Princeton,9T,10
https://collegechampionships.usaultimate.org/d1-men/history/1987-d-i-men/,1987,Kansas,11T,11
https://collegechampionships.usaultimate.org/d1-men/history/1987-d-i-men/,1987,Michigan,11T,12
https://collegechampionships.usaultimate.org/d1-men/history/1987-d-i-men/,1987,East Carolina,13T,13
https://collegechampionships.usaultimate.org/d1-men/history/1987-d-i-men/,1987,Vermont,13T,14
https://collegechampionships.usaultimate.org/d1-men/history/1988-d-i-men/,1988,California-Santa Barbara,1,1
https://collegechampionships.usaultimate.org/d1-men/history/1988-d-i-men/,1988,Texas,2,2
https://collegechampionships.usaultimate.org/d1-men/history/1988-d-i-men/,1988,Stanford,3,3
https://collegechampionships.usaultimate.org/d1-men/history/1988-d-i-men/,1988,Columbia,4,4
https://collegechampionships.usaultimate.org/d1-men/history/1988-d-i-men/,1988,Georgia Tech,5T,5
https://collegechampionships.usaultimate.org/d1-men/history/1988-d-i-men/,1988,Kansas,5T,6
https://collegechampionships.usaultimate.org/d1-men/history/1988-d-i-men/,1988,Carnegie Mellon,7T,7
https://collegechampionships.usaultimate.org/d1-men/history/1988-d-i-men/,1988,East Carolina,7T,8
https://collegechampionships.usaultimate.org/d1-men/history/1988-d-i-men/,1988,Saint Louis,9T,9
https://collegechampionships.usaultimate.org/d1-men/history/1988-d-i-men/,1988,Wesleyan,9T,10
https://collegechampionships.usaultimate.org/d1-men/history/1988-d-i-men/,1988,Massachusetts,11T,11
https://collegechampionships.usaultimate.org/d1-men/history/1988-d-i-men/,1988,Winona State,11T,12
https://collegechampionships.usaultimate.org/d1-men/history/1989-d-i-men/,1989,California-Santa Barbara,1,1
https://collegechampionships.usaultimate.org/d1-men/history/1989-d-i-men/,1989,Stanford,2,2
https://collegechampionships.usaultimate.org/d1-men/history/1989-d-i-men/,1989,Carnegie Mellon,3T,3
https://collegechampionships.usaultimate.org/d1-men/history/1989-d-i-men/,1989,Texas,3T,4
https://collegechampionships.usaultimate.org/d1-men/history/1989-d-i-men/,1989,Columbia,?,5
https://collegechampionships.usaultimate.org/d1-men/history/1989-d-i-men/,1989,East Carolina,?,6
https://collegechampionships.usaultimate.org/d1-men/history/1989-d-i-men/,1989,Florida,?,7
https://collegechampionships.usaultimate.org/d1-men/history/1989-d-i-men/,1989,Indiana,?,8
https://collegechampionships.usaultimate.org/d1-men/history/1989-d-i-men/,1989,Kansas,?,9
https://collegechampionships.usaultimate.org/d1-men/history/1989-d-i-men/,1989,Pennsylvania,?,10
https://collegechampionships.usaultimate.org/d1-men/history/1989-d-i-men/,1989,SUNY-Purchase,?,11
https://collegechampionships.usaultimate.org/d1-men/history/1989-d-i-men/,1989,Tufts,?,12
https://collegechampionships.usaultimate.org/d1-men/history/1990-d-i-men/,1990,California-Santa Barbara,1,1
https://collegechampionships.usaultimate.org/d1-men/history/1990-d-i-men/,1990,North Carolina-Wilmington,2,2
https://collegechampionships.usaultimate.org/d1-men/history/1990-d-i-men/,1990,SUNY-Purchase,3,3
https://collegechampionships.usaultimate.org/d1-men/history/1990-d-i-men/,1990,Cornell,4,4
https://collegechampionships.usaultimate.org/d1-men/history/1990-d-i-men/,1990,Vermont,5,5
https://collegechampionships.usaultimate.org/d1-men/history/1990-d-i-men/,1990,California-Santa Cruz,6,6
https://collegechampionships.usaultimate.org/d1-men/history/1990-d-i-men/,1990,Wisconsin,7,7
https://collegechampionships.usaultimate.org/d1-men/history/1990-d-i-men/,1990,Carleton College,8,8
https://collegechampionships.usaultimate.org/d1-men/history/1990-d-i-men/,1990,Georgia,9T,9
https://collegechampionships.usaultimate.org/d1-men/history/1990-d-i-men/,1990,Kansas,9T,10
https://collegechampionships.usaultimate.org/d1-men/history/1990-d-i-men/,1990,Princeton,9T,11
https://collegechampionships.usaultimate.org/d1-men/history/1990-d-i-men/,1990,Texas,9T,12
https://collegechampionships.usaultimate.org/d1-men/history/1991-d-i-men/,1991,California-Santa Cruz,1,1
https://collegechampionships.usaultimate.org/d1-men/history/1991-d-i-men/,1991,North Carolina-Wilmington,2,2
https://collegechampionships.usaultimate.org/d1-men/history/1991-d-i-men/,1991,California-Santa Barbara,3,3
https://collegechampionships.usaultimate.org/d1-men/history/1991-d-i-men/,1991,Cornell,4,4
https://collegechampionships.usaultimate.org/d1-men/history/1991-d-i-men/,1991,Pennsylvania,5,5
https://collegechampionships.usaultimate.org/d1-men/history/1991-d-i-men/,1991,Carleton,6,6
https://collegechampionships.usaultimate.org/d1-men/history/1991-d-i-men/,1991,Boston College,7T,7
https://collegechampionships.usaultimate.org/d1-men/history/1991-d-i-men/,1991,Georgia,7T,8
https://collegechampionships.usaultimate.org/d1-men/history/1991-d-i-men/,1991,Wisconsin,7T,9
https://collegechampionships.usaultimate.org/d1-men/history/1991-d-i-men/,1991,East Carolina,10,10
https://collegechampionships.usaultimate.org/d1-men/history/1991-d-i-men/,1991,Georgia Tech,11T,11
https://collegechampionships.usaultimate.org/d1-men/history/1991-d-i-men/,1991,Kansas,11T,12
https://collegechampionships.usaultimate.org/d1-men/history/1992-d-i-men/,1992,Oregon,1,1
https://collegechampionships.usaultimate.org/d1-men/history/1992-d-i-men/,1992,Cornell,2,2
https://collegechampionships.usaultimate.org/d1-men/history/1992-d-i-men/,1992,North Carolina-Wilmington,3,3
https://collegechampionships.usaultimate.org/d1-men/history/1992-d-i-men/,1992,California,4,4
https://collegechampionships.usaultimate.org/d1-men/history/1992-d-i-men/,1992,Carleton College,?,5
https://collegechampionships.usaultimate.org/d1-men/history/1992-d-i-men/,1992,East Carolina,?,6
https://collegechampionships.usaultimate.org/d1-men/history/1992-d-i-men/,1992,Georgia Tech,?,7
https://collegechampionships.usaultimate.org/d1-men/history/1992-d-i-men/,1992,Oberlin,?,8
https://collegechampionships.usaultimate.org/d1-men/history/1992-d-i-men/,1992,Texas,?,9
https://collegechampionships.usaultimate.org/d1-men/history/1992-d-i-men/,1992,Vermont,?,10
https://collegechampionships.usaultimate.org/d1-men/history/1992-d-i-men/,1992,Wesleyan,?,11
https://collegechampionships.usaultimate.org/d1-men/history/1992-d-i-men/,1992,Wisconsin,?,12
https://collegechampionships.usaultimate.org/d1-men/history/1993-d-i-men/,1993,North Carolina-Wilmington,1,1
https://collegechampionships.usaultimate.org/d1-men/history/1993-d-i-men/,1993,California-Santa Barbara,2,2
https://collegechampionships.usaultimate.org/d1-men/history/1993-d-i-men/,1993,California-Santa Cruz,3T,3
https://collegechampionships.usaultimate.org/d1-men/history/1993-d-i-men/,1993,Carleton College,3T,4
https://collegechampionships.usaultimate.org/d1-men/history/1993-d-i-men/,1993,East Carolina,5T,5
https://collegechampionships.usaultimate.org/d1-men/history/1993-d-i-men/,1993,Texas,5T,6
https://collegechampionships.usaultimate.org/d1-men/history/1993-d-i-men/,1993,Georgia,7T,7
https://collegechampionships.usaultimate.org/d1-men/history/1993-d-i-men/,1993,Wisconsin,7T,8
https://collegechampionships.usaultimate.org/d1-men/history/1993-d-i-men/,1993,Boston College,9T,9
https://collegechampionships.usaultimate.org/d1-men/history/1993-d-i-men/,1993,Kansas,9T,10
https://collegechampionships.usaultimate.org/d1-men/history/1993-d-i-men/,1993,SUNY-Albany,11T,11
https://collegechampionships.usaultimate.org/d1-men/history/1993-d-i-men/,1993,Wesleyan,11T,12
https://collegechampionships.usaultimate.org/d1-men/history/1994-d-i-men/,1994,East Carolina,1,1
https://collegechampionships.usaultimate.org/d1-men/history/1994-d-i-men/,1994,Stanford,2,2
https://collegechampionships.usaultimate.org/d1-men/history/1994-d-i-men/,1994,California-Santa Barbara,3T,3
https://collegechampionships.usaultimate.org/d1-men/history/1994-d-i-men/,1994,Carleton College,3T,4
https://collegechampionships.usaultimate.org/d1-men/history/1994-d-i-men/,1994,Georgia,5T,5
https://collegechampionships.usaultimate.org/d1-men/history/1994-d-i-men/,1994,Wisconsin,5T,6
https://collegechampionships.usaultimate.org/d1-men/history/1994-d-i-men/,1994,Cornell,7T,7
https://collegechampionships.usaultimate.org/d1-men/history/1994-d-i-men/,1994,Las Positas,7T,8
https://collegechampionships.usaultimate.org/d1-men/history/1994-d-i-men/,1994,Kansas,9T,9
https://collegechampionships.usaultimate.org/d1-men/history/1994-d-i-men/,1994,Pennsylvania,9T,10
https://collegechampionships.usaultimate.org/d1-men/history/1994-d-i-men/,1994,SUNY-Binghampton,11T,11
https://collegechampionships.usaultimate.org/d1-men/history/1994-d-i-men/,1994,Texas,11T,12
https://collegechampionships.usaultimate.org/d1-men/history/1995-d-i-men/,1995,East Carolina,1,1
https://collegechampionships.usaultimate.org/d1-men/history/1995-d-i-men/,1995,California-Santa Cruz,2,2
https://collegechampionships.usaultimate.org/d1-men/history/1995-d-i-men/,1995,North Carolina- Wilmington,3T,3
https://collegechampionships.usaultimate.org/d1-men/history/1995-d-i-men/,1995,Stanford,3T,4
https://collegechampionships.usaultimate.org/d1-men/history/1995-d-i-men/,1995,Cornell,5T,5
https://collegechampionships.usaultimate.org/d1-men/history/1995-d-i-men/,1995,Yale,5T,6
https://collegechampionships.usaultimate.org/d1-men/history/1995-d-i-men/,1995,Carleton College,7T,7
https://collegechampionships.usaultimate.org/d1-men/history/1995-d-i-men/,1995,LSU,7T,8
https://collegechampionships.usaultimate.org/d1-men/history/1995-d-i-men/,1995,Oberlin,9T,9
https://collegechampionships.usaultimate.org/d1-men/history/1995-d-i-men/,1995,Williams,9T,10
https://collegechampionships.usaultimate.org/d1-men/history/1995-d-i-men/,1995,Georgia,11T,11
https://collegechampionships.usaultimate.org/d1-men/history/1995-d-i-men/,1995,Indiana,11T,12
https://collegechampionships.usaultimate.org/d1-men/history/1996-d-i-men/,1996,California-Santa Barbara,1,1
https://collegechampionships.usaultimate.org/d1-men/history/1996-d-i-men/,1996,Carleton College,2,2
https://collegechampionships.usaultimate.org/d1-men/history/1996-d-i-men/,1996,Cornell,3T,3
https://collegechampionships.usaultimate.org/d1-men/history/1996-d-i-men/,1996,Wisconsin,3T,4
https://collegechampionships.usaultimate.org/d1-men/history/1996-d-i-men/,1996,North Carolina-Wilmington,5T,5
https://collegechampionships.usaultimate.org/d1-men/history/1996-d-i-men/,1996,Stanford,5T,6
https://collegechampionships.usaultimate.org/d1-men/history/1996-d-i-men/,1996,Georgia,7T,7
https://collegechampionships.usaultimate.org/d1-men/history/1996-d-i-men/,1996,North Carolina State,7T,8
https://collegechampionships.usaultimate.org/d1-men/history/1996-d-i-men/,1996,Wesleyan,9T,9
https://collegechampionships.usaultimate.org/d1-men/history/1996-d-i-men/,1996,Williams,9T,10
https://collegechampionships.usaultimate.org/d1-men/history/1996-d-i-men/,1996,Indiana,11T,11
https://collegechampionships.usaultimate.org/d1-men/history/1996-d-i-men/,1996,Florida State,11T,12
https://collegechampionships.usaultimate.org/d1-men/history/1997-d-i-men/,1997,California- Santa Barbara,1,1
https://collegechampionships.usaultimate.org/d1-men/history/1997-d-i-men/,1997,Stanford,2,2
https://collegechampionships.usaultimate.org/d1-men/history/1997-d-i-men/,1997,Carleton College,3T,3
https://collegechampionships.usaultimate.org/d1-men/history/1997-d-i-men/,1997,East Carolina,3T,4
https://collegechampionships.usaultimate.org/d1-men/history/1997-d-i-men/,1997,North Carolina- Wilmington,5T,5
https://collegechampionships.usaultimate.org/d1-men/history/1997-d-i-men/,1997,Wisconsin,5T,6
https://collegechampionships.usaultimate.org/d1-men/history/1997-d-i-men/,1997,Cornell,7T,7
https://collegechampionships.usaultimate.org/d1-men/history/1997-d-i-men/,1997,Rice,7T,8
https://collegechampionships.usaultimate.org/d1-men/history/1997-d-i-men/,1997,Oberlin,9T,9
https://collegechampionships.usaultimate.org/d1-men/history/1997-d-i-men/,1997,Wesleyan,9T,10
https://collegechampionships.usaultimate.org/d1-men/history/1997-d-i-men/,1997,LSU,11T,11
https://collegechampionships.usaultimate.org/d1-men/history/1997-d-i-men/,1997,Yale,11T,12
https://collegechampionships.usaultimate.org/d1-men/history/1998-d-i-men/,1998,California-Santa Barbara,1,1
https://collegechampionships.usaultimate.org/d1-men/history/1998-d-i-men/,1998,Stanford,2,2
https://collegechampionships.usaultimate.org/d1-men/history/1998-d-i-men/,1998,Brown,3T,3
https://collegechampionships.usaultimate.org/d1-men/history/1998-d-i-men/,1998,North Carolina,3T,4
https://collegechampionships.usaultimate.org/d1-men/history/1998-d-i-men/,1998,Carleton College,5T,5
https://collegechampionships.usaultimate.org/d1-men/history/1998-d-i-men/,1998,Colorado,5T,6
https://collegechampionships.usaultimate.org/d1-men/history/1998-d-i-men/,1998,Harvard,7T,7
https://collegechampionships.usaultimate.org/d1-men/history/1998-d-i-men/,1998,LSU,7T,8
https://collegechampionships.usaultimate.org/d1-men/history/1998-d-i-men/,1998,East Carolina,9T,9
https://collegechampionships.usaultimate.org/d1-men/history/1998-d-i-men/,1998,Iowa,9T,10
https://collegechampionships.usaultimate.org/d1-men/history/1998-d-i-men/,1998,Rice,11T,11
https://collegechampionships.usaultimate.org/d1-men/history/1998-d-i-men/,1998,Yale,11T,12
https://collegechampionships.usaultimate.org/d1-men/history/1999-d-i-men/,1999,North Carolina State,1,1
https://collegechampionships.usaultimate.org/d1-men/history/1999-d-i-men/,1999,California-Santa Barbara,2,2
https://collegechampionships.usaultimate.org/d1-men/history/1999-d-i-men/,1999,Brown,3T,3
https://collegechampionships.usaultimate.org/d1-men/history/1999-d-i-men/,1999,Carleton College,3T,4
https://collegechampionships.usaultimate.org/d1-men/history/1999-d-i-men/,1999,California- Santa Cruz,5T,5
https://collegechampionships.usaultimate.org/d1-men/history/1999-d-i-men/,1999,Colorado,5T,6
https://collegechampionships.usaultimate.org/d1-men/history/1999-d-i-men/,1999,North Carolina,5T,7
https://collegechampionships.usaultimate.org/d1-men/history/1999-d-i-men/,1999,Stanford,5T,8
https://collegechampionships.usaultimate.org/d1-men/history/1999-d-i-men/,1999,Cornell,9T,9
https://collegechampionships.usaultimate.org/d1-men/history/1999-d-i-men/,1999,Iowa,9T,10
https://collegechampionships.usaultimate.org/d1-men/history/1999-d-i-men/,1999,Michigan,9T,11
https://collegechampionships.usaultimate.org/d1-men/history/1999-d-i-men/,1999,Yale,9T,12
https://collegechampionships.usaultimate.org/d1-men/history/1999-d-i-men/,1999,Kansas,13T,13
https://collegechampionships.usaultimate.org/d1-men/history/1999-d-i-men/,1999,Oberlin,13T,14
https://collegechampionships.usaultimate.org/d1-men/history/1999-d-i-men/,1999,Rice,13T,15
https://collegechampionships.usaultimate.org/d1-men/history/1999-d-i-men/,1999,Salisbury,13T,16
https://collegechampionships.usaultimate.org/d1-men/history/2000-d-i-men/,2000,Brown,1,1
https://collegechampionships.usaultimate.org/d1-men/history/2000-d-i-men/,2000,Carleton College,2,2
https://collegechampionships.usaultimate.org/d1-men/history/2000-d-i-men/,2000,California- Santa Barbara,3T,3
https://collegechampionships.usaultimate.org/d1-men/history/2000-d-i-men/,2000,Colorado,3T,4
https://collegechampionships.usaultimate.org/d1-men/history/2000-d-i-men/,2000,North Carolina,5T,5
https://collegechampionships.usaultimate.org/d1-men/history/2000-d-i-men/,2000,North Carolina State,5T,6
https://collegechampionships.usaultimate.org/d1-men/history/2000-d-i-men/,2000,Salisbury,5T,7
https://collegechampionships.usaultimate.org/d1-men/history/2000-d-i-men/,2000,Stanford,5T,8
https://collegechampionships.usaultimate.org/d1-men/history/2000-d-i-men/,2000,Michigan,9,9
https://collegechampionships.usaultimate.org/d1-men/history/2000-d-i-men/,2000,Wisconsin,10,10
https://collegechampionships.usaultimate.org/d1-men/history/2000-d-i-men/,2000,Rice,11T,11
https://collegechampionships.usaultimate.org/d1-men/history/2000-d-i-men/,2000,Winona State,11T,12
https://collegechampionships.usaultimate.org/d1-men/history/2000-d-i-men/,2000,Notre Dame,13,13
https://collegechampionships.usaultimate.org/d1-men/history/2000-d-i-men/,2000,Princeton,14,14
https://collegechampionships.usaultimate.org/d1-men/history/2000-d-i-men/,2000,California -Santa Cruz,15T,15
https://collegechampionships.usaultimate.org/d1-men/history/2000-d-i-men/,2000,Tufts,15T,16
https://collegechampionships.usaultimate.org/d1-men/history/2001-d-i-men/,2001,Carleton College,1,1
https://collegechampionships.usaultimate.org/d1-men/history/2001-d-i-men/,2001,Colorado,2,2
https://collegechampionships.usaultimate.org/d1-men/history/2001-d-i-men/,2001,California-Santa Barbara,3,3
https://collegechampionships.usaultimate.org/d1-men/history/2001-d-i-men/,2001,Oregon,4,4
https://collegechampionships.usaultimate.org/d1-men/history/2001-d-i-men/,2001,Brown,5T,5
https://collegechampionships.usaultimate.org/d1-men/history/2001-d-i-men/,2001,Cornell,5T,6
https://collegechampionships.usaultimate.org/d1-men/history/2001-d-i-men/,2001,Michigan,5T,7
https://collegechampionships.usaultimate.org/d1-men/history/2001-d-i-men/,2001,Wisconsin,5T,8
https://collegechampionships.usaultimate.org/d1-men/history/2001-d-i-men/,2001,Harvard,9,9
https://collegechampionships.usaultimate.org/d1-men/history/2001-d-i-men/,2001,Pennsylvania,10,10
https://collegechampionships.usaultimate.org/d1-men/history/2001-d-i-men/,2001,Ohio State,11,11
https://collegechampionships.usaultimate.org/d1-men/history/2001-d-i-men/,2001,Texas A&M,12,12
https://collegechampionships.usaultimate.org/d1-men/history/2001-d-i-men/,2001,Duke,13,13
https://collegechampionships.usaultimate.org/d1-men/history/2001-d-i-men/,2001,North Carolina-Wilmington,14,14
https://collegechampionships.usaultimate.org/d1-men/history/2001-d-i-men/,2001,North Carolina,15,15
https://collegechampionships.usaultimate.org/d1-men/history/2001-d-i-men/,2001,Tufts,16,16
https://collegechampionships.usaultimate.org/d1-men/history/2002-d-i-men/,2002,Stanford,1,1
https://collegechampionships.usaultimate.org/d1-men/history/2002-d-i-men/,2002,Wisconsin,2,2
https://collegechampionships.usaultimate.org/d1-men/history/2002-d-i-men/,2002,Carleton College,3T,3
https://collegechampionships.usaultimate.org/d1-men/history/2002-d-i-men/,2002,William and Mary,3T,4
https://collegechampionships.usaultimate.org/d1-men/history/2002-d-i-men/,2002,California- Santa Barbara,5T,5
https://collegechampionships.usaultimate.org/d1-men/history/2002-d-i-men/,2002,Michigan,5T,6
https://collegechampionships.usaultimate.org/d1-men/history/2002-d-i-men/,2002,North Carolina- Wilmington,5T,7
https://collegechampionships.usaultimate.org/d1-men/history/2002-d-i-men/,2002,Tufts,5T,8
https://collegechampionships.usaultimate.org/d1-men/history/2002-d-i-men/,2002,Cornell,9T,9
https://collegechampionships.usaultimate.org/d1-men/history/2002-d-i-men/,2002,Illinois,9T,10
https://collegechampionships.usaultimate.org/d1-men/history/2002-d-i-men/,2002,California- Santa Cruz,11T,11
https://collegechampionships.usaultimate.org/d1-men/history/2002-d-i-men/,2002,Colorado,11T,12
https://collegechampionships.usaultimate.org/d1-men/history/2002-d-i-men/,2002,Iowa,13T,13
https://collegechampionships.usaultimate.org/d1-men/history/2002-d-i-men/,2002,Swarthmore,13T,14
https://collegechampionships.usaultimate.org/d1-men/history/2002-d-i-men/,2002,George Washington,15T,15
https://collegechampionships.usaultimate.org/d1-men/history/2002-d-i-men/,2002,Texas,15T,16
https://collegechampionships.usaultimate.org/d1-men/history/2003-d-i-men/,2003,Wisconsin,1,1
https://collegechampionships.usaultimate.org/d1-men/history/2003-d-i-men/,2003,Oregon,2,2
https://collegechampionships.usaultimate.org/d1-men/history/2003-d-i-men/,2003,Carleton College,3T,3
https://collegechampionships.usaultimate.org/d1-men/history/2003-d-i-men/,2003,Colorado,3T,4
https://collegechampionships.usaultimate.org/d1-men/history/2003-d-i-men/,2003,Brown,5T,5
https://collegechampionships.usaultimate.org/d1-men/history/2003-d-i-men/,2003,Texas,5T,6
https://collegechampionships.usaultimate.org/d1-men/history/2003-d-i-men/,2003,William and Mary,5T,7
https://collegechampionships.usaultimate.org/d1-men/history/2003-d-i-men/,2003,Illinois,5T,8
https://collegechampionships.usaultimate.org/d1-men/history/2003-d-i-men/,2003,Georgia,9T,9
https://collegechampionships.usaultimate.org/d1-men/history/2003-d-i-men/,2003,Michigan,9T,10
https://collegechampionships.usaultimate.org/d1-men/history/2003-d-i-men/,2003,North Carolina State,11T,11
https://collegechampionships.usaultimate.org/d1-men/history/2003-d-i-men/,2003,Penn State,11T,12
https://collegechampionships.usaultimate.org/d1-men/history/2003-d-i-men/,2003,Ohio State,13,13
https://collegechampionships.usaultimate.org/d1-men/history/2003-d-i-men/,2003,Pennsylvania,14,14
https://collegechampionships.usaultimate.org/d1-men/history/2003-d-i-men/,2003,Dartmouth,15,15
https://collegechampionships.usaultimate.org/d1-men/history/2003-d-i-men/,2003,Williams,16,16
https://collegechampionships.usaultimate.org/d1-men/history/2004-d-i-men/,2004,Colorado,1,1
https://collegechampionships.usaultimate.org/d1-men/history/2004-d-i-men/,2004,California,2,2
https://collegechampionships.usaultimate.org/d1-men/history/2004-d-i-men/,2004,Brown,3T,3
https://collegechampionships.usaultimate.org/d1-men/history/2004-d-i-men/,2004,Stanford,3T,4
https://collegechampionships.usaultimate.org/d1-men/history/2004-d-i-men/,2004,California-San Diego,5T,5
https://collegechampionships.usaultimate.org/d1-men/history/2004-d-i-men/,2004,Iowa,5T,6
https://collegechampionships.usaultimate.org/d1-men/history/2004-d-i-men/,2004,North Carolina State,5T,7
https://collegechampionships.usaultimate.org/d1-men/history/2004-d-i-men/,2004,Wisconsin,5T,8
https://collegechampionships.usaultimate.org/d1-men/history/2004-d-i-men/,2004,Carleton College,9T,9
https://collegechampionships.usaultimate.org/d1-men/history/2004-d-i-men/,2004,Tufts,9T,10
https://collegechampionships.usaultimate.org/d1-men/history/2004-d-i-men/,2004,George Washington,11T,11
https://collegechampionships.usaultimate.org/d1-men/history/2004-d-i-men/,2004,William and Mary,11T,12
https://collegechampionships.usaultimate.org/d1-men/history/2004-d-i-men/,2004,Michigan State,13,13
https://collegechampionships.usaultimate.org/d1-men/history/2004-d-i-men/,2004,Illinois,14,14
https://collegechampionships.usaultimate.org/d1-men/history/2004-d-i-men/,2004,Delaware,15,15
https://collegechampionships.usaultimate.org/d1-men/history/2004-d-i-men/,2004,Kansas,16,16
https://collegechampionships.usaultimate.org/d1-men/history/2005-d-i-men/,2005,Brown,1,1
https://collegechampionships.usaultimate.org/d1-men/history/2005-d-i-men/,2005,Colorado,2,2
https://collegechampionships.usaultimate.org/d1-men/history/2005-d-i-men/,2005,California-San Diego,3T,3
https://collegechampionships.usaultimate.org/d1-men/history/2005-d-i-men/,2005,Stanford,3T,4
https://collegechampionships.usaultimate.org/d1-men/history/2005-d-i-men/,2005,Georgia,5T,5
https://collegechampionships.usaultimate.org/d1-men/history/2005-d-i-men/,2005,Texas,5T,6
https://collegechampionships.usaultimate.org/d1-men/history/2005-d-i-men/,2005,Washington,5T,7
https://collegechampionships.usaultimate.org/d1-men/history/2005-d-i-men/,2005,Wisconsin,5T,8
https://collegechampionships.usaultimate.org/d1-men/history/2005-d-i-men/,2005,Michigan,9T,9
https://collegechampionships.usaultimate.org/d1-men/history/2005-d-i-men/,2005,Michigan State,9T,10
https://collegechampionships.usaultimate.org/d1-men/history/2005-d-i-men/,2005,Carleton College,11T,11
https://collegechampionships.usaultimate.org/d1-men/history/2005-d-i-men/,2005,Harvarrd,11T,12
https://collegechampionships.usaultimate.org/d1-men/history/2005-d-i-men/,2005,British Columbia,13T,13
https://collegechampionships.usaultimate.org/d1-men/history/2005-d-i-men/,2005,Pittsburgh,13T,14
https://collegechampionships.usaultimate.org/d1-men/history/2005-d-i-men/,2005,North Carolina,15T,15
https://collegechampionships.usaultimate.org/d1-men/history/2005-d-i-men/,2005,Queenâ€™s,15T,16
https://collegechampionships.usaultimate.org/d1-men/history/2006-d-i-men/,2006,Florida,1,1
https://collegechampionships.usaultimate.org/d1-men/history/2006-d-i-men/,2006,Wisconsin,2,2
https://collegechampionships.usaultimate.org/d1-men/history/2006-d-i-men/,2006,Georgia,3T,3
https://collegechampionships.usaultimate.org/d1-men/history/2006-d-i-men/,2006,Stanford,3T,4
https://collegechampionships.usaultimate.org/d1-men/history/2006-d-i-men/,2006,California-San Diego,5T,5
https://collegechampionships.usaultimate.org/d1-men/history/2006-d-i-men/,2006,Colorado,5T,6
https://collegechampionships.usaultimate.org/d1-men/history/2006-d-i-men/,2006,Oregon,5T,7
https://collegechampionships.usaultimate.org/d1-men/history/2006-d-i-men/,2006,Texas,5T,8
https://collegechampionships.usaultimate.org/d1-men/history/2006-d-i-men/,2006,Michigan,9T,9
https://collegechampionships.usaultimate.org/d1-men/history/2006-d-i-men/,2006,Michigan State,9T,10
https://collegechampionships.usaultimate.org/d1-men/history/2006-d-i-men/,2006,California-Santa Barbara,11T,11
https://collegechampionships.usaultimate.org/d1-men/history/2006-d-i-men/,2006,Kansas,11T,12
https://collegechampionships.usaultimate.org/d1-men/history/2006-d-i-men/,2006,Harvard,13T,13
https://collegechampionships.usaultimate.org/d1-men/history/2006-d-i-men/,2006,Pittsburgh,13T,14
https://collegechampionships.usaultimate.org/d1-men/history/2006-d-i-men/,2006,Brown,15T,15
https://collegechampionships.usaultimate.org/d1-men/history/2006-d-i-men/,2006,Delaware,15T,16
https://collegechampionships.usaultimate.org/d1-men/history/2007-d-i-men/,2007,Wisconsin,1,1
https://collegechampionships.usaultimate.org/d1-men/history/2007-d-i-men/,2007,Colorado,2,2
https://collegechampionships.usaultimate.org/d1-men/history/2007-d-i-men/,2007,Florida,3T,3
https://collegechampionships.usaultimate.org/d1-men/history/2007-d-i-men/,2007,Stanford,3T,4
https://collegechampionships.usaultimate.org/d1-men/history/2007-d-i-men/,2007,Carleton College,5T,5
https://collegechampionships.usaultimate.org/d1-men/history/2007-d-i-men/,2007,Georgia,5T,6
https://collegechampionships.usaultimate.org/d1-men/history/2007-d-i-men/,2007,Oregon,5T,7
https://collegechampionships.usaultimate.org/d1-men/history/2007-d-i-men/,2007,Texas,5T,8
https://collegechampionships.usaultimate.org/d1-men/history/2007-d-i-men/,2007,Ohio State,9T,9
https://collegechampionships.usaultimate.org/d1-men/history/2007-d-i-men/,2007,Pittsburgh,9T,10
https://collegechampionships.usaultimate.org/d1-men/history/2007-d-i-men/,2007,Brown,11T,11
https://collegechampionships.usaultimate.org/d1-men/history/2007-d-i-men/,2007,Indiana,11T,12
https://collegechampionships.usaultimate.org/d1-men/history/2007-d-i-men/,2007,North Carolina,13T,13
https://collegechampionships.usaultimate.org/d1-men/history/2007-d-i-men/,2007,Williams,13T,14
https://collegechampionships.usaultimate.org/d1-men/history/2007-d-i-men/,2007,Delaware,15T,15
https://collegechampionships.usaultimate.org/d1-men/history/2007-d-i-men/,2007,Kansas,15T,16
https://collegechampionships.usaultimate.org/d1-men/history/2008-d-i-men/,2008,Wisconsin,1,1
https://collegechampionships.usaultimate.org/d1-men/history/2008-d-i-men/,2008,Florida,2,2
https://collegechampionships.usaultimate.org/d1-men/history/2008-d-i-men/,2008,Carleton College,3T,3
https://collegechampionships.usaultimate.org/d1-men/history/2008-d-i-men/,2008,Colorado,3T,4
https://collegechampionships.usaultimate.org/d1-men/history/2008-d-i-men/,2008,Arizona,5T,5
https://collegechampionships.usaultimate.org/d1-men/history/2008-d-i-men/,2008,Georgia,5T,6
https://collegechampionships.usaultimate.org/d1-men/history/2008-d-i-men/,2008,Harvard,5T,7
https://collegechampionships.usaultimate.org/d1-men/history/2008-d-i-men/,2008,Illinois,5T,8
https://collegechampionships.usaultimate.org/d1-men/history/2008-d-i-men/,2008,California-Santa Cruz,9T,9
https://collegechampionships.usaultimate.org/d1-men/history/2008-d-i-men/,2008,Stanford,9T,10
https://collegechampionships.usaultimate.org/d1-men/history/2008-d-i-men/,2008,Pittsburgh,11T,11
https://collegechampionships.usaultimate.org/d1-men/history/2008-d-i-men/,2008,Texas,11T,12
https://collegechampionships.usaultimate.org/d1-men/history/2008-d-i-men/,2008,Dartmouth,13T,13
https://collegechampionships.usaultimate.org/d1-men/history/2008-d-i-men/,2008,Michigan,13T,14
https://collegechampionships.usaultimate.org/d1-men/history/2008-d-i-men/,2008,Delaware,15T,15
https://collegechampionships.usaultimate.org/d1-men/history/2008-d-i-men/,2008,North Texas,15T,16
https://collegechampionships.usaultimate.org/d1-men/history/2009-di-men/,2009,Carleton College,1,1
https://collegechampionships.usaultimate.org/d1-men/history/2009-di-men/,2009,Colorado,2,2
https://collegechampionships.usaultimate.org/d1-men/history/2009-di-men/,2009,Stanford,3T,3
https://collegechampionships.usaultimate.org/d1-men/history/2009-di-men/,2009,Texas,3T,4
https://collegechampionships.usaultimate.org/d1-men/history/2009-di-men/,2009,Michigan,5T,5
https://collegechampionships.usaultimate.org/d1-men/history/2009-di-men/,2009,Pittsburgh,5T,6
https://collegechampionships.usaultimate.org/d1-men/history/2009-di-men/,2009,Virginia,5T,7
https://collegechampionships.usaultimate.org/d1-men/history/2009-di-men/,2009,Wisconsin,5T,8
https://collegechampionships.usaultimate.org/d1-men/history/2009-di-men/,2009,Cornell,9T,9
https://collegechampionships.usaultimate.org/d1-men/history/2009-di-men/,2009,Williams,9T,10
https://collegechampionships.usaultimate.org/d1-men/history/2009-di-men/,2009,Luther,11T,11
https://collegechampionships.usaultimate.org/d1-men/history/2009-di-men/,2009,Tufts,11T,12
https://collegechampionships.usaultimate.org/d1-men/history/2009-di-men/,2009,California-San Diego,13T,13
https://collegechampionships.usaultimate.org/d1-men/history/2009-di-men/,2009,Minnesota,13T,14
https://collegechampionships.usaultimate.org/d1-men/history/2009-di-men/,2009,California-Santa Barbara,15T,15
https://collegechampionships.usaultimate.org/d1-men/history/2009-di-men/,2009,North Carolina State,15T,16
https://collegechampionships.usaultimate.org/d1-men/history/2009-di-men/,2009,Illinois,17T,17
https://collegechampionships.usaultimate.org/d1-men/history/2009-di-men/,2009,Kansas,17T,18
https://collegechampionships.usaultimate.org/d1-men/history/2009-di-men/,2009,California,19T,19
https://collegechampionships.usaultimate.org/d1-men/history/2009-di-men/,2009,Georgia,19T,20
https://collegechampionships.usaultimate.org/d1-men/history/2010-d1-men/,2010,Florida,1,1
https://collegechampionships.usaultimate.org/d1-men/history/2010-d1-men/,2010,Carleton College,2,2
https://collegechampionships.usaultimate.org/d1-men/history/2010-d1-men/,2010,Cornell,3T,3
https://collegechampionships.usaultimate.org/d1-men/history/2010-d1-men/,2010,Pittsburgh,3T,4
https://collegechampionships.usaultimate.org/d1-men/history/2010-d1-men/,2010,California,5T,5
https://collegechampionships.usaultimate.org/d1-men/history/2010-d1-men/,2010,Michigan,5T,6
https://collegechampionships.usaultimate.org/d1-men/history/2010-d1-men/,2010,Minnesota,5T,7
https://collegechampionships.usaultimate.org/d1-men/history/2010-d1-men/,2010,North Carolina-Wilmington,5T,8
https://collegechampionships.usaultimate.org/d1-men/history/2010-d1-men/,2010,California-Santa Barbara,9T,9
https://collegechampionships.usaultimate.org/d1-men/history/2010-d1-men/,2010,Iowa,9T,10
https://collegechampionships.usaultimate.org/d1-men/history/2010-d1-men/,2010,Middlebury,11T,11
https://collegechampionships.usaultimate.org/d1-men/history/2010-d1-men/,2010,Wisconsin,11T,12
https://collegechampionships.usaultimate.org/d1-men/history/2010-d1-men/,2010,Colorado,13T,13
https://collegechampionships.usaultimate.org/d1-men/history/2010-d1-men/,2010,Georgia,14T,14
https://collegechampionships.usaultimate.org/d1-men/history/2010-d1-men/,2010,Oregon,14T,15
https://collegechampionships.usaultimate.org/d1-men/history/2010-d1-men/,2010,Harvard,16,16
https://collegechampionships.usaultimate.org/d1-men/history/2010-d1-men/,2010,California-San Diego,17T,17
https://collegechampionships.usaultimate.org/d1-men/history/2010-d1-men/,2010,Illinois,17T,18
https://collegechampionships.usaultimate.org/d1-men/history/2010-d1-men/,2010,Kansas,19T,19
https://collegechampionships.usaultimate.org/d1-men/history/2010-d1-men/,2010,Texas State,19T,20
https://collegechampionships.usaultimate.org/d1-men/history/2011-d1-men/,2011,Carleton College,1,1
https://collegechampionships.usaultimate.org/d1-men/history/2011-d1-men/,2011,Wisconsin,2,2
https://collegechampionships.usaultimate.org/d1-men/history/2011-d1-men/,2011,Colorado,3T,3
https://collegechampionships.usaultimate.org/d1-men/history/2011-d1-men/,2011,Iowa,3T,4
https://collegechampionships.usaultimate.org/d1-men/history/2011-d1-men/,2011,Harvard,5T,5
https://collegechampionships.usaultimate.org/d1-men/history/2011-d1-men/,2011,Oregon,5T,6
https://collegechampionships.usaultimate.org/d1-men/history/2011-d1-men/,2011,Pittsburgh,5T,7
https://collegechampionships.usaultimate.org/d1-men/history/2011-d1-men/,2011,Stanford,5T,8
https://collegechampionships.usaultimate.org/d1-men/history/2011-d1-men/,2011,British Columbia,9,9
https://collegechampionships.usaultimate.org/d1-men/history/2011-d1-men/,2011,Tufts,10,10
https://collegechampionships.usaultimate.org/d1-men/history/2011-d1-men/,2011,Washington,11,11
https://collegechampionships.usaultimate.org/d1-men/history/2011-d1-men/,2011,Luther,12,12
https://collegechampionships.usaultimate.org/d1-men/history/2011-d1-men/,2011,Texas,13T,13
https://collegechampionships.usaultimate.org/d1-men/history/2011-d1-men/,2011,Virginia,13T,14
https://collegechampionships.usaultimate.org/d1-men/history/2011-d1-men/,2011,Cornell,15T,15
https://collegechampionships.usaultimate.org/d1-men/history/2011-d1-men/,2011,Whitman,15T,16
https://collegechampionships.usaultimate.org/d1-men/history/2011-d1-men/,2011,Illinois,17,17
https://collegechampionships.usaultimate.org/d1-men/history/2011-d1-men/,2011,California-Santa Crus\z,18T,18
https://collegechampionships.usaultimate.org/d1-men/history/2011-d1-men/,2011,Colorado College,18T,19
https://collegechampionships.usaultimate.org/d1-men/history/2011-d1-men/,2011,Florida,18T,20
https://collegechampionships.usaultimate.org/d1-men/history/2012-d1-men/,2012,Pittsburgh,1,1
https://collegechampionships.usaultimate.org/d1-men/history/2012-d1-men/,2012,Wisconsin,2,2
https://collegechampionships.usaultimate.org/d1-men/history/2012-d1-men/,2012,Oregon,3T,3
https://collegechampionships.usaultimate.org/d1-men/history/2012-d1-men/,2012,Carleton College,3T,4
https://collegechampionships.usaultimate.org/d1-men/history/2012-d1-men/,2012,Central Florida,5T,5
https://collegechampionships.usaultimate.org/d1-men/history/2012-d1-men/,2012,Luther,5T,6
https://collegechampionships.usaultimate.org/d1-men/history/2012-d1-men/,2012,Minnesota,5T,7
https://collegechampionships.usaultimate.org/d1-men/history/2012-d1-men/,2012,Tufts,5T,8
https://collegechampionships.usaultimate.org/d1-men/history/2012-d1-men/,2012,Colorado,9,9
https://collegechampionships.usaultimate.org/d1-men/history/2012-d1-men/,2012,Texas,10,10
https://collegechampionships.usaultimate.org/d1-men/history/2012-d1-men/,2012,California,11,11
https://collegechampionships.usaultimate.org/d1-men/history/2012-d1-men/,2012,Georgia Tech,12,12
https://collegechampionships.usaultimate.org/d1-men/history/2012-d1-men/,2012,North Carolina,13T,13
https://collegechampionships.usaultimate.org/d1-men/history/2012-d1-men/,2012,Washington,13T,14
https://collegechampionships.usaultimate.org/d1-men/history/2012-d1-men/,2012,Michigan,15T,15
https://collegechampionships.usaultimate.org/d1-men/history/2012-d1-men/,2012,Minnesota- Duluth,15T,16
https://collegechampionships.usaultimate.org/d1-men/history/2012-d1-men/,2012,Michigan State,17T,17
https://collegechampionships.usaultimate.org/d1-men/history/2012-d1-men/,2012,Ohio,17T,18
https://collegechampionships.usaultimate.org/d1-men/history/2012-d1-men/,2012,California-Davis,19T,19
https://collegechampionships.usaultimate.org/d1-men/history/2012-d1-men/,2012,Cornell,19T,20
https://collegechampionships.usaultimate.org/d1-men/history/2013-d1-men/,2013,Pittsburgh,1,1
https://collegechampionships.usaultimate.org/d1-men/history/2013-d1-men/,2013,Central Florida,2,2
https://collegechampionships.usaultimate.org/d1-men/history/2013-d1-men/,2013,Carleton College,3T,3
https://collegechampionships.usaultimate.org/d1-men/history/2013-d1-men/,2013,Oregon,3T,4
https://collegechampionships.usaultimate.org/d1-men/history/2013-d1-men/,2013,California- Davis,5T,5
https://collegechampionships.usaultimate.org/d1-men/history/2013-d1-men/,2013,Dartmouth,5T,6
https://collegechampionships.usaultimate.org/d1-men/history/2013-d1-men/,2013,North Carolina,5T,7
https://collegechampionships.usaultimate.org/d1-men/history/2013-d1-men/,2013,North Carolina- Wilmington,5T,8
https://collegechampionships.usaultimate.org/d1-men/history/2013-d1-men/,2013,Colorado,9T,9
https://collegechampionships.usaultimate.org/d1-men/history/2013-d1-men/,2013,Harvard,9T,10
https://collegechampionships.usaultimate.org/d1-men/history/2013-d1-men/,2013,Texas,9T,11
https://collegechampionships.usaultimate.org/d1-men/history/2013-d1-men/,2013,Wisconsin,9T,12
https://collegechampionships.usaultimate.org/d1-men/history/2013-d1-men/,2013,Arizona,13T,13
https://collegechampionships.usaultimate.org/d1-men/history/2013-d1-men/,2013,Cornell,13T,14
https://collegechampionships.usaultimate.org/d1-men/history/2013-d1-men/,2013,Luther,13T,15
https://collegechampionships.usaultimate.org/d1-men/history/2013-d1-men/,2013,Washington,13T,16
https://collegechampionships.usaultimate.org/d1-men/history/2013-d1-men/,2013,Florida State,17T,17
https://collegechampionships.usaultimate.org/d1-men/history/2013-d1-men/,2013,Georgia,17T,18
https://collegechampionships.usaultimate.org/d1-men/history/2013-d1-men/,2013,Illinois,17T,19
https://collegechampionships.usaultimate.org/d1-men/history/2013-d1-men/,2013,Ohio,17T,20
https://collegechampionships.usaultimate.org/d1-men/history/2014-d1-men/,2014,Colorado,1,1
https://collegechampionships.usaultimate.org/d1-men/history/2014-d1-men/,2014,North Carolina,2,2
https://collegechampionships.usaultimate.org/d1-men/history/2014-d1-men/,2014,North Carolina- Wilmington,3T,3
https://collegechampionships.usaultimate.org/d1-men/history/2014-d1-men/,2014,Oregon,3T,4
https://collegechampionships.usaultimate.org/d1-men/history/2014-d1-men/,2014,Michigan,5T,5
https://collegechampionships.usaultimate.org/d1-men/history/2014-d1-men/,2014,Pittsburgh,5T,6
https://collegechampionships.usaultimate.org/d1-men/history/2014-d1-men/,2014,Texas,5T,7
https://collegechampionships.usaultimate.org/d1-men/history/2014-d1-men/,2014,Wisconsin,5T,8
https://collegechampionships.usaultimate.org/d1-men/history/2014-d1-men/,2014,Carleton College,9T,9
https://collegechampionships.usaultimate.org/d1-men/history/2014-d1-men/,2014,Central Florida,9T,10
https://collegechampionships.usaultimate.org/d1-men/history/2014-d1-men/,2014,Harvard,9T,11
https://collegechampionships.usaultimate.org/d1-men/history/2014-d1-men/,2014,Tufts,9T,12
https://collegechampionships.usaultimate.org/d1-men/history/2014-d1-men/,2014,California- San Diego,13T,13
https://collegechampionships.usaultimate.org/d1-men/history/2014-d1-men/,2014,Florida,13T,14
https://collegechampionships.usaultimate.org/d1-men/history/2014-d1-men/,2014,Florida State,13T,15
https://collegechampionships.usaultimate.org/d1-men/history/2014-d1-men/,2014,Massachusetts,13T,16
https://collegechampionships.usaultimate.org/d1-men/history/2014-d1-men/,2014,Dartmouth,17T,17
https://collegechampionships.usaultimate.org/d1-men/history/2014-d1-men/,2014,Eastern Michigan,17T,18
https://collegechampionships.usaultimate.org/d1-men/history/2014-d1-men/,2014,Rutgers,17T,19
https://collegechampionships.usaultimate.org/d1-men/history/2014-d1-men/,2014,Texas A&M,17T,20
https://collegechampionships.usaultimate.org/d1-men/history/2015-d1-men/,2015,North Carolina,1,1
https://collegechampionships.usaultimate.org/d1-men/history/2015-d1-men/,2015,Oregon,2,2
https://collegechampionships.usaultimate.org/d1-men/history/2015-d1-men/,2015,Central Florida,3T,3
https://collegechampionships.usaultimate.org/d1-men/history/2015-d1-men/,2015,Florida State,3T,4
https://collegechampionships.usaultimate.org/d1-men/history/2015-d1-men/,2015,Colorado,5T,5
https://collegechampionships.usaultimate.org/d1-men/history/2015-d1-men/,2015,Massachusetts,5T,6
https://collegechampionships.usaultimate.org/d1-men/history/2015-d1-men/,2015,Pittsburgh,5T,7
https://collegechampionships.usaultimate.org/d1-men/history/2015-d1-men/,2015,Texas,5T,8
https://collegechampionships.usaultimate.org/d1-men/history/2015-d1-men/,2015,Georgia,9T,9
https://collegechampionships.usaultimate.org/d1-men/history/2015-d1-men/,2015,Minnesota,9T,10
https://collegechampionships.usaultimate.org/d1-men/history/2015-d1-men/,2015,North Carolina- Wilmington,9T,11
https://collegechampionships.usaultimate.org/d1-men/history/2015-d1-men/,2015,Texas A&M,9T,12
https://collegechampionships.usaultimate.org/d1-men/history/2015-d1-men/,2015,Auburn,13T,13
https://collegechampionships.usaultimate.org/d1-men/history/2015-d1-men/,2015,Illinois,13T,14
https://collegechampionships.usaultimate.org/d1-men/history/2015-d1-men/,2015,Western Washington,13T,15
https://collegechampionships.usaultimate.org/d1-men/history/2015-d1-men/,2015,Wisconsin,13T,16
https://collegechampionships.usaultimate.org/d1-men/history/2015-d1-men/,2015,California- Santa Barbara,17T,17
https://collegechampionships.usaultimate.org/d1-men/history/2015-d1-men/,2015,Cincinnati,17T,18
https://collegechampionships.usaultimate.org/d1-men/history/2015-d1-men/,2015,Cornell,17T,19
https://collegechampionships.usaultimate.org/d1-men/history/2015-d1-men/,2015,Maryland,17T,20
https://collegechampionships.usaultimate.org/d1-men/history/2016-d1-men/,2016,Minnesota,1,1
https://collegechampionships.usaultimate.org/d1-men/history/2016-d1-men/,2016,Harvard,2,2
https://collegechampionships.usaultimate.org/d1-men/history/2016-d1-men/,2016,North Carolina,T3,3
https://collegechampionships.usaultimate.org/d1-men/history/2016-d1-men/,2016,Pittsburgh,T3,4
https://collegechampionships.usaultimate.org/d1-men/history/2016-d1-men/,2016,Auburn,T5,5
https://collegechampionships.usaultimate.org/d1-men/history/2016-d1-men/,2016,Colorado,T5,6
https://collegechampionships.usaultimate.org/d1-men/history/2016-d1-men/,2016,Georgia,T5,7
https://collegechampionships.usaultimate.org/d1-men/history/2016-d1-men/,2016,Wisconsin,T5,8
https://collegechampionships.usaultimate.org/d1-men/history/2016-d1-men/,2016,Massachusetts,T9,9
https://collegechampionships.usaultimate.org/d1-men/history/2016-d1-men/,2016,Michigan,T9,10
https://collegechampionships.usaultimate.org/d1-men/history/2016-d1-men/,2016,Oregon,T9,11
https://collegechampionships.usaultimate.org/d1-men/history/2016-d1-men/,2016,Texas A&M,T9,12
https://collegechampionships.usaultimate.org/d1-men/history/2016-d1-men/,2016,Carleton College,T13,13
https://collegechampionships.usaultimate.org/d1-men/history/2016-d1-men/,2016,Connecticut,T13,14
https://collegechampionships.usaultimate.org/d1-men/history/2016-d1-men/,2016,North Carolina- Wilmington,T13,15
https://collegechampionships.usaultimate.org/d1-men/history/2016-d1-men/,2016,Utah,T13,16
https://collegechampionships.usaultimate.org/d1-men/history/2016-d1-men/,2016,Cal Poly- SLO,T17,17
https://collegechampionships.usaultimate.org/d1-men/history/2016-d1-men/,2016,Case Western Reserve,T17,18
https://collegechampionships.usaultimate.org/d1-men/history/2016-d1-men/,2016,Florida State,T17,19
https://collegechampionships.usaultimate.org/d1-men/history/2016-d1-men/,2016,Washington,T17,20
https://collegechampionships.usaultimate.org/d1-men/history/2017-d1-men/,2017,Carleton College,1,1
https://collegechampionships.usaultimate.org/d1-men/history/2017-d1-men/,2017,North Carolina-Wilmington,2,2
https://collegechampionships.usaultimate.org/d1-men/history/2017-d1-men/,2017,Massachussets,T3,3
https://collegechampionships.usaultimate.org/d1-men/history/2017-d1-men/,2017,North Carolina,T3,4
https://collegechampionships.usaultimate.org/d1-men/history/2017-d1-men/,2017,Minnesota,T5,5
https://collegechampionships.usaultimate.org/d1-men/history/2017-d1-men/,2017,Pittsburgh,T5,6
https://collegechampionships.usaultimate.org/d1-men/history/2017-d1-men/,2017,Washington,T5,7
https://collegechampionships.usaultimate.org/d1-men/history/2017-d1-men/,2017,Wisconsin,T5,8
https://collegechampionships.usaultimate.org/d1-men/history/2017-d1-men/,2017,Auburn,T9,9
https://collegechampionships.usaultimate.org/d1-men/history/2017-d1-men/,2017,Cal Poly-SLO,T9,10
https://collegechampionships.usaultimate.org/d1-men/history/2017-d1-men/,2017,Michigan,T9,11
https://collegechampionships.usaultimate.org/d1-men/history/2017-d1-men/,2017,Oregon,T9,12
https://collegechampionships.usaultimate.org/d1-men/history/2017-d1-men/,2017,British Columbia,T13,13
https://collegechampionships.usaultimate.org/d1-men/history/2017-d1-men/,2017,Connecticut,T13,14
https://collegechampionships.usaultimate.org/d1-men/history/2017-d1-men/,2017,Stanford,T13,15
https://collegechampionships.usaultimate.org/d1-men/history/2017-d1-men/,2017,Texas A&M,T13,16
https://collegechampionships.usaultimate.org/d1-men/history/2017-d1-men/,2017,Colorado,T17,17
https://collegechampionships.usaultimate.org/d1-men/history/2017-d1-men/,2017,Colorado State,T17,18
https://collegechampionships.usaultimate.org/d1-men/history/2017-d1-men/,2017,Oregon State,T17,19
https://collegechampionships.usaultimate.org/d1-men/history/2017-d1-men/,2017,Virginia Tech,T17,20
https://collegechampionships.usaultimate.org/d1-men/history/2018-d-i-men/,2018,North Carolina,1,1
https://collegechampionships.usaultimate.org/d1-men/history/2018-d-i-men/,2018,Pittsburgh,2,2
https://collegechampionships.usaultimate.org/d1-men/history/2018-d-i-men/,2018,Carleton College,T3,3
https://collegechampionships.usaultimate.org/d1-men/history/2018-d-i-men/,2018,Oregon,T3,4
https://collegechampionships.usaultimate.org/d1-men/history/2018-d-i-men/,2018,Brown,T5,5
https://collegechampionships.usaultimate.org/d1-men/history/2018-d-i-men/,2018,Georgia,T5,6
https://collegechampionships.usaultimate.org/d1-men/history/2018-d-i-men/,2018,Washington,T5,7
https://collegechampionships.usaultimate.org/d1-men/history/2018-d-i-men/,2018,Wisconsin,T5,8
https://collegechampionships.usaultimate.org/d1-men/history/2018-d-i-men/,2018,Massachusetts,T9,9
https://collegechampionships.usaultimate.org/d1-men/history/2018-d-i-men/,2018,Minnesota,T9,10
https://collegechampionships.usaultimate.org/d1-men/history/2018-d-i-men/,2018,Northwestern,T9,11
https://collegechampionships.usaultimate.org/d1-men/history/2018-d-i-men/,2018,Texas,T9,12
https://collegechampionships.usaultimate.org/d1-men/history/2018-d-i-men/,2018,Auburn,T13,13
https://collegechampionships.usaultimate.org/d1-men/history/2018-d-i-men/,2018,Connecticut,T13,14
https://collegechampionships.usaultimate.org/d1-men/history/2018-d-i-men/,2018,Florida State,T13,15
https://collegechampionships.usaultimate.org/d1-men/history/2018-d-i-men/,2018,William & Mary,T13,16
https://collegechampionships.usaultimate.org/d1-men/history/2018-d-i-men/,2018,Georgetown,T17,17
https://collegechampionships.usaultimate.org/d1-men/history/2018-d-i-men/,2018,Maryland,T17,18
https://collegechampionships.usaultimate.org/d1-men/history/2018-d-i-men/,2018,Stanford,T17,19
https://collegechampionships.usaultimate.org/d1-men/history/2018-d-i-men/,2018,Victoria,T17,20
https://collegechampionships.usaultimate.org/d1-men/history/2019-d-i-men/,2019,Brown,1,1
https://collegechampionships.usaultimate.org/d1-men/history/2019-d-i-men/,2019,North Carolina,2,2
https://collegechampionships.usaultimate.org/d1-men/history/2019-d-i-men/,2019,Cal Poly-SLO,T3,3
https://collegechampionships.usaultimate.org/d1-men/history/2019-d-i-men/,2019,Colorado,T3,4
https://collegechampionships.usaultimate.org/d1-men/history/2019-d-i-men/,2019,Pittsburgh,T5,5
https://collegechampionships.usaultimate.org/d1-men/history/2019-d-i-men/,2019,Ohio State,T5,6
https://collegechampionships.usaultimate.org/d1-men/history/2019-d-i-men/,2019,Wisconsin,T5,7
https://collegechampionships.usaultimate.org/d1-men/history/2019-d-i-men/,2019,Michigan,T5,8
https://collegechampionships.usaultimate.org/d1-men/history/2019-d-i-men/,2019,Oregon,T9,9
https://collegechampionships.usaultimate.org/d1-men/history/2019-d-i-men/,2019,Washington,T9,10
https://collegechampionships.usaultimate.org/d1-men/history/2019-d-i-men/,2019,Texas,T9,11
https://collegechampionships.usaultimate.org/d1-men/history/2019-d-i-men/,2019,Georgia,T9,12
https://collegechampionships.usaultimate.org/d1-men/history/2019-d-i-men/,2019,Minnesota,T13,13
https://collegechampionships.usaultimate.org/d1-men/history/2019-d-i-men/,2019,Tufts,T13,14
https://collegechampionships.usaultimate.org/d1-men/history/2019-d-i-men/,2019,Northeastern,T13,15
https://collegechampionships.usaultimate.org/d1-men/history/2019-d-i-men/,2019,Iowa State,T13,16
https://collegechampionships.usaultimate.org/d1-men/history/2019-d-i-men/,2019,North Carolina State,T17,17
https://collegechampionships.usaultimate.org/d1-men/history/2019-d-i-men/,2019,California,T17,18
https://collegechampionships.usaultimate.org/d1-men/history/2019-d-i-men/,2019,Victoria,T17,19
https://collegechampionships.usaultimate.org/d1-men/history/2019-d-i-men/,2019,Rutgers,T17,20
https://collegechampionships.usaultimate.org/d1-men/history/2019-d-i-men-2/,2021,North Carolina,1,1
https://collegechampionships.usaultimate.org/d1-men/history/2019-d-i-men-2/,2021,Georgia,2,2
https://collegechampionships.usaultimate.org/d1-men/history/2019-d-i-men-2/,2021,Brown,T3,3
https://collegechampionships.usaultimate.org/d1-men/history/2019-d-i-men-2/,2021,Michigan,T3,4
https://collegechampionships.usaultimate.org/d1-men/history/2019-d-i-men-2/,2021,Washington,T5,5
https://collegechampionships.usaultimate.org/d1-men/history/2019-d-i-men-2/,2021,Colorado,T5,6
https://collegechampionships.usaultimate.org/d1-men/history/2019-d-i-men-2/,2021,Cal Poly-SLO,T5,7
https://collegechampionships.usaultimate.org/d1-men/history/2019-d-i-men-2/,2021,Texas,T5,8
https://collegechampionships.usaultimate.org/d1-men/history/2019-d-i-men-2/,2021,Ohio State,T9,9
https://collegechampionships.usaultimate.org/d1-men/history/2019-d-i-men-2/,2021,Wilmington,T9 â€“North Carolina,10
https://collegechampionships.usaultimate.org/d1-men/history/2019-d-i-men-2/,2021,North Carolina State,T11,11
https://collegechampionships.usaultimate.org/d1-men/history/2019-d-i-men-2/,2021,Tulane,T11,12
https://collegechampionships.usaultimate.org/d1-men/history/2019-d-i-men-2/,2021,Northeastern,13,13
https://collegechampionships.usaultimate.org/d1-men/history/2019-d-i-men-2/,2021,Pittsburgh,14,14
https://collegechampionships.usaultimate.org/d1-men/history/2019-d-i-men-2/,2021,Wisconsin,T15,15
https://collegechampionships.usaultimate.org/d1-men/history/2019-d-i-men-2/,2021,Utah State,T15,16
https://collegechampionships.usaultimate.org/d1-men/history/2019-d-i-men-2/,2021,Illinois,17,17
https://collegechampionships.usaultimate.org/d1-men/history/2019-d-i-men-2/,2021,Cornell,18,18
https://collegechampionships.usaultimate.org/d1-men/history/2019-d-i-men-2/,2021,California-San Diego,DNF,19
https://collegechampionships.usaultimate.org/d1-men/history/2019-d-i-men-2/,2021,Carleton-CUT,DNF,20
https://collegechampionships.usaultimate.org/d1-men/history/2019-d-i-men-2-2/,2022,North Carolina,1,1
https://collegechampionships.usaultimate.org/d1-men/history/2019-d-i-men-2-2/,2022,Brown,2,2
https://collegechampionships.usaultimate.org/d1-men/history/2019-d-i-men-2-2/,2022,Colorado,T3,3
https://collegechampionships.usaultimate.org/d1-men/history/2019-d-i-men-2-2/,2022,Pittsburgh,T3,4
https://collegechampionships.usaultimate.org/d1-men/history/2019-d-i-men-2-2/,2022,Minnesota,T5,5
https://collegechampionships.usaultimate.org/d1-men/history/2019-d-i-men-2-2/,2022,California,T5,6
https://collegechampionships.usaultimate.org/d1-men/history/2019-d-i-men-2-2/,2022,Georgia,T5,7
https://collegechampionships.usaultimate.org/d1-men/history/2019-d-i-men-2-2/,2022,Cal Poly-SLO,T5,8
https://collegechampionships.usaultimate.org/d1-men/history/2019-d-i-men-2-2/,2022,Vermont,T9,9
https://collegechampionships.usaultimate.org/d1-men/history/2019-d-i-men-2-2/,2022,Washington,T9,10
https://collegechampionships.usaultimate.org/d1-men/history/2019-d-i-men-2-2/,2022,Texas,T9,11
https://collegechampionships.usaultimate.org/d1-men/history/2019-d-i-men-2-2/,2022,Auburn,T9,12
https://collegechampionships.usaultimate.org/d1-men/history/2019-d-i-men-2-2/,2022,Utah State,T13,13
https://collegechampionships.usaultimate.org/d1-men/history/2019-d-i-men-2-2/,2022,Wisconsin,T13,14
https://collegechampionships.usaultimate.org/d1-men/history/2019-d-i-men-2-2/,2022,Michigan,T15,15
https://collegechampionships.usaultimate.org/d1-men/history/2019-d-i-men-2-2/,2022,North Carolina State,T15,16
https://collegechampionships.usaultimate.org/d1-men/history/2019-d-i-men-2-2/,2022,William & Mary,T17,17
https://collegechampionships.usaultimate.org/d1-men/history/2019-d-i-men-2-2/,2022,Washington University,T17,18
https://collegechampionships.usaultimate.org/d1-men/history/2019-d-i-men-2-2/,2022,Connecticut,T19,19
https://collegechampionships.usaultimate.org/d1-men/history/2019-d-i-men-2-2/,2022,Ohio State,T19,20
https://collegechampionships.usaultimate.org/d1-men/history/2019-d-i-men-2-2-2/,2023,North Carolina,1,1
https://collegechampionships.usaultimate.org/d1-men/history/2019-d-i-men-2-2-2/,2023,Massachusetts,2,2
https://collegechampionships.usaultimate.org/d1-men/history/2019-d-i-men-2-2-2/,2023,Cal Poly-SLO,T3,3
https://collegechampionships.usaultimate.org/d1-men/history/2019-d-i-men-2-2-2/,2023,Vermont,T3,4
https://collegechampionships.usaultimate.org/d1-men/history/2019-d-i-men-2-2-2/,2023,Brown,T5,5
https://collegechampionships.usaultimate.org/d1-men/history/2019-d-i-men-2-2-2/,2023,Oregon,T5,6
https://collegechampionships.usaultimate.org/d1-men/history/2019-d-i-men-2-2-2/,2023,Pittsburgh,T5,7
https://collegechampionships.usaultimate.org/d1-men/history/2019-d-i-men-2-2-2/,2023,Texas,T5,8
https://collegechampionships.usaultimate.org/d1-men/history/2019-d-i-men-2-2-2/,2023,California,T9,9
https://collegechampionships.usaultimate.org/d1-men/history/2019-d-i-men-2-2-2/,2023,Carleton College,T9,10
https://collegechampionships.usaultimate.org/d1-men/history/2019-d-i-men-2-2-2/,2023,Colorado,T9,11
https://collegechampionships.usaultimate.org/d1-men/history/2019-d-i-men-2-2-2/,2023,Georgia,T9,12
https://collegechampionships.usaultimate.org/d1-men/history/2019-d-i-men-2-2-2/,2023,California-Santa Cruz,T13,13
https://collegechampionships.usaultimate.org/d1-men/history/2019-d-i-men-2-2-2/,2023,Minnesota,T13,14
https://collegechampionships.usaultimate.org/d1-men/history/2019-d-i-men-2-2-2/,2023,Michigan,T15,15
https://collegechampionships.usaultimate.org/d1-men/history/2019-d-i-men-2-2-2/,2023,Washington,T15,16
https://collegechampionships.usaultimate.org/d1-men/history/2019-d-i-men-2-2-2/,2023,Tufts,T17,17
https://collegechampionships.usaultimate.org/d1-men/history/2019-d-i-men-2-2-2/,2023,Utah State,T17,18
https://collegechampionships.usaultimate.org/d1-men/history/2019-d-i-men-2-2-2/,2023,Cornell,T19,19
https://collegechampionships.usaultimate.org/d1-men/history/2019-d-i-men-2-2-2/,2023,North Carolina State,T19,20
